,Cage Sense,Cage Antisense,Tether,Static TF + Transcript Sense,Transcript Antisense + Anchor,Intermediate,TF,TF Inhibitor
0,TCAGTCACCTATCTGTTTCAAATTAATACGACTCACTATA,TATAGTGAGTCGTATTAATTTG,GCTACTCACTCAGATAGGTGACTGA,TCAGTCAACACAACTAATACGACTCACTATAGGCATTTGTCGCATCGTATTTATCGT,ACGATAAATACGATGCGACAAATGCCTATAGTGAGTCGTATTAGTTGTGTGGCGTTCATCATCTTGTA,"[Seq('AAGATGATGAACGCCACACAAGGAAGG'), Seq('GGCGTTCATCATCTTTGAAAGGC'), Seq('GGCGTTCATCATCTTTAGTCAACCC'), Seq('AAGATGATGAACGCCTAGATAAGACG'), Seq('GGCGTTCATCATCTTACAAGATGAC'), Seq('GGCGTTCATCATCTTGGTAGCTGATAGAAGCG'), Seq('GGCGTTCATCATCTTTGGGACCGAAGC'), Seq('GGCGTTCATCATCTTTAGGTTATGGA'), Seq('AAGATGATGAACGCCAGGCGGCTG'), Seq('GGCGTTCATCATCTTGATCCCGAATG'), Seq('GGCGTTCATCATCTTATCAACG'), Seq('GGCGTTCATCATCTTAAAGGAATGATG'), Seq('GGCGTTCATCATCTTTATACGAGA'), Seq('GGCGTTCATCATCTTTTCAATCACAA'), Seq('AAGATGATGAACGCCTGATGCCGA'), Seq('AAGATGATGAACGCCGCGCACAACAAA'), Seq('AAGATGATGAACGCCAATCAAAGGCCG'), Seq('GGCGTTCATCATCTTTGCAAATCAA'), Seq('GGCGTTCATCATCTTTCAACAACGGA'), Seq('GGCGTTCATCATCTTAAGTTGGGAG'), Seq('GGCGTTCATCATCTTAATCCGAAAGGCC'), Seq('GGCGTTCATCATCTTTGAATGACAA'), Seq('GGCGTTCATCATCTTTAAATGATGA'), Seq('GGCGTTCATCATCTTCAAAGGGCCAG')]","[Seq('TGTGTAAGATGATGAACGCCCCTATCTGAGTGAGT'), Seq('TTTCAAAGATGATGAACGCCCCTATCTGAGTGAGT'), Seq('GACTAAAGATGATGAACGCCCCTATCTGAGTGAGT'), Seq('ATCTAAAGATGATGAACGCCCCTATCTGAGTGAGT'), Seq('CTTGTAAGATGATGAACGCCCCTATCTGAGTGAGT'), Seq('CTACCAAGATGATGAACGCCCCTATCTGAGTGAGT'), Seq('TCCCAAAGATGATGAACGCCCCTATCTGAGTGAGT'), Seq('ACCTAAAGATGATGAACGCCCCTATCTGAGTGAGT'), Seq('CGCCTAAGATGATGAACGCCCCTATCTGAGTGAGT'), Seq('GGATCAAGATGATGAACGCCCCTATCTGAGTGAGT'), Seq('TTGATAAGATGATGAACGCCCCTATCTGAGTGAGT'), Seq('CCTTTAAGATGATGAACGCCCCTATCTGAGTGAGT'), Seq('GTATAAAGATGATGAACGCCCCTATCTGAGTGAGT'), Seq('TTGAAAAGATGATGAACGCCCCTATCTGAGTGAGT'), Seq('CATCAAAGATGATGAACGCCCCTATCTGAGTGAGT'), Seq('TGCGCAAGATGATGAACGCCCCTATCTGAGTGAGT'), Seq('TGATTAAGATGATGAACGCCCCTATCTGAGTGAGT'), Seq('TTGCAAAGATGATGAACGCCCCTATCTGAGTGAGT'), Seq('GTTGAAAGATGATGAACGCCCCTATCTGAGTGAGT'), Seq('AACTTAAGATGATGAACGCCCCTATCTGAGTGAGT'), Seq('GGATTAAGATGATGAACGCCCCTATCTGAGTGAGT'), Seq('ATTCAAAGATGATGAACGCCCCTATCTGAGTGAGT'), Seq('ATTTAAAGATGATGAACGCCCCTATCTGAGTGAGT'), Seq('CTTTGAAGATGATGAACGCCCCTATCTGAGTGAGT')]","[Seq('TGTGTGGCGTTCATCATCTT'), Seq('TTTCAGGCGTTCATCATCTT'), Seq('GACTAGGCGTTCATCATCTT'), Seq('ATCTAGGCGTTCATCATCTT'), Seq('CTTGTGGCGTTCATCATCTT'), Seq('CTACCGGCGTTCATCATCTT'), Seq('TCCCAGGCGTTCATCATCTT'), Seq('ACCTAGGCGTTCATCATCTT'), Seq('CGCCTGGCGTTCATCATCTT'), Seq('GGATCGGCGTTCATCATCTT'), Seq('TTGATGGCGTTCATCATCTT'), Seq('CCTTTGGCGTTCATCATCTT'), Seq('GTATAGGCGTTCATCATCTT'), Seq('TTGAAGGCGTTCATCATCTT'), Seq('CATCAGGCGTTCATCATCTT'), Seq('TGCGCGGCGTTCATCATCTT'), Seq('TGATTGGCGTTCATCATCTT'), Seq('TTGCAGGCGTTCATCATCTT'), Seq('GTTGAGGCGTTCATCATCTT'), Seq('AACTTGGCGTTCATCATCTT'), Seq('GGATTGGCGTTCATCATCTT'), Seq('ATTCAGGCGTTCATCATCTT'), Seq('ATTTAGGCGTTCATCATCTT'), Seq('CTTTGGGCGTTCATCATCTT')]"
1,TCAGTCACCTATCTGTTTCAAATTAATACGACTCACTATA,TATAGTGAGTCGTATTAATTTG,GCTACTCACTCAGATAGGTGACTGA,TCAGTCAGAGGAATTAATACGACTCACTATAGTCTTGGCCCTCTTATTTCATCGTCT,AGACGATGAAATAAGAGGGCCAAGACTATAGTGAGTCGTATTAATTCCTCCGCCTCTATCGTATTGTT,"[Seq('AATACGATAGAGGCGACACAAGGAA'), Seq('CGCCTCTATCGTATTTGAAAGGC'), Seq('CGCCTCTATCGTATTTAGTCAACCCG'), Seq('CGCCTCTATCGTATTTAGATAAGAC'), Seq('CGCCTCTATCGTATTACAAGATGAC'), Seq('CGCCTCTATCGTATTGGTAGCTGATAGAAGCG'), Seq('AATACGATAGAGGCGTGGGACCGAAGC'), Seq('CGCCTCTATCGTATTTAGGTTATGGA'), Seq('CGCCTCTATCGTATTAGGCGGCT'), Seq('CGCCTCTATCGTATTGATCCCGAAT'), Seq('AATACGATAGAGGCGATCAACGG'), Seq('CGCCTCTATCGTATTAAAGGAATGATG'), Seq('AATACGATAGAGGCGTATACGAGACG'), Seq('AATACGATAGAGGCGTTCAATCACAAGC'), Seq('CGCCTCTATCGTATTTGATGCCGAAT'), Seq('CGCCTCTATCGTATTGCGCACAACAA'), Seq('CGCCTCTATCGTATTAATCAAAGGCC'), Seq('CGCCTCTATCGTATTTGCAAATCAA'), Seq('CGCCTCTATCGTATTTCAACAACG'), Seq('CGCCTCTATCGTATTAAGTTGGGA'), Seq('CGCCTCTATCGTATTAATCCGAAAGGC'), Seq('CGCCTCTATCGTATTTGAATGACAATATG'), Seq('CGCCTCTATCGTATTTAAATGATGAC'), Seq('CGCCTCTATCGTATTCAAAGGGCCAG')]","[Seq('TGTGTAATACGATAGAGGCGCCTATCTGAGTGAGT'), Seq('TTTCAAATACGATAGAGGCGCCTATCTGAGTGAGT'), Seq('GACTAAATACGATAGAGGCGCCTATCTGAGTGAGT'), Seq('ATCTAAATACGATAGAGGCGCCTATCTGAGTGAGT'), Seq('CTTGTAATACGATAGAGGCGCCTATCTGAGTGAGT'), Seq('CTACCAATACGATAGAGGCGCCTATCTGAGTGAGT'), Seq('TCCCAAATACGATAGAGGCGCCTATCTGAGTGAGT'), Seq('ACCTAAATACGATAGAGGCGCCTATCTGAGTGAGT'), Seq('CGCCTAATACGATAGAGGCGCCTATCTGAGTGAGT'), Seq('GGATCAATACGATAGAGGCGCCTATCTGAGTGAGT'), Seq('TTGATAATACGATAGAGGCGCCTATCTGAGTGAGT'), Seq('CCTTTAATACGATAGAGGCGCCTATCTGAGTGAGT'), Seq('GTATAAATACGATAGAGGCGCCTATCTGAGTGAGT'), Seq('TTGAAAATACGATAGAGGCGCCTATCTGAGTGAGT'), Seq('CATCAAATACGATAGAGGCGCCTATCTGAGTGAGT'), Seq('TGCGCAATACGATAGAGGCGCCTATCTGAGTGAGT'), Seq('TGATTAATACGATAGAGGCGCCTATCTGAGTGAGT'), Seq('TTGCAAATACGATAGAGGCGCCTATCTGAGTGAGT'), Seq('GTTGAAATACGATAGAGGCGCCTATCTGAGTGAGT'), Seq('AACTTAATACGATAGAGGCGCCTATCTGAGTGAGT'), Seq('GGATTAATACGATAGAGGCGCCTATCTGAGTGAGT'), Seq('ATTCAAATACGATAGAGGCGCCTATCTGAGTGAGT'), Seq('ATTTAAATACGATAGAGGCGCCTATCTGAGTGAGT'), Seq('CTTTGAATACGATAGAGGCGCCTATCTGAGTGAGT')]","[Seq('TGTGTCGCCTCTATCGTATT'), Seq('TTTCACGCCTCTATCGTATT'), Seq('GACTACGCCTCTATCGTATT'), Seq('ATCTACGCCTCTATCGTATT'), Seq('CTTGTCGCCTCTATCGTATT'), Seq('CTACCCGCCTCTATCGTATT'), Seq('TCCCACGCCTCTATCGTATT'), Seq('ACCTACGCCTCTATCGTATT'), Seq('CGCCTCGCCTCTATCGTATT'), Seq('GGATCCGCCTCTATCGTATT'), Seq('TTGATCGCCTCTATCGTATT'), Seq('CCTTTCGCCTCTATCGTATT'), Seq('GTATACGCCTCTATCGTATT'), Seq('TTGAACGCCTCTATCGTATT'), Seq('CATCACGCCTCTATCGTATT'), Seq('TGCGCCGCCTCTATCGTATT'), Seq('TGATTCGCCTCTATCGTATT'), Seq('TTGCACGCCTCTATCGTATT'), Seq('GTTGACGCCTCTATCGTATT'), Seq('AACTTCGCCTCTATCGTATT'), Seq('GGATTCGCCTCTATCGTATT'), Seq('ATTCACGCCTCTATCGTATT'), Seq('ATTTACGCCTCTATCGTATT'), Seq('CTTTGCGCCTCTATCGTATT')]"
2,TCAGTCACCTATCTGTTTCAAATTAATACGACTCACTATA,TATAGTGAGTCGTATTAATTTG,GCTACTCACTCAGATAGGTGACTGA,TCAGTCAAGCGAGATAATACGACTCACTATAGCCTGTTTGTTTGTGATTGGCGTCTA,TAGACGCCAATCACAAACAAACAGGCTATAGTGAGTCGTATTATCTCGCTACTTCAGGCTTTGTTGTT,"[Seq('AACAAAGCCTGAAGTACACAAGGAA'), Seq('AACAAAGCCTGAAGTTGAAAGGCACAC'), Seq('ACTTCAGGCTTTGTTTAGTCAACCC'), Seq('AACAAAGCCTGAAGTTAGATAAGACG'), Seq('ACTTCAGGCTTTGTTACAAGATGACA'), Seq('ACTTCAGGCTTTGTTGGTAGCTGATAGAA'), Seq('AACAAAGCCTGAAGTTGGGACCGAAGC'), Seq('ACTTCAGGCTTTGTTTAGGTTATGG'), Seq('ACTTCAGGCTTTGTTAGGCGGCTG'), Seq('ACTTCAGGCTTTGTTGATCCCGAAT'), Seq('AACAAAGCCTGAAGTATCAACGGAAC'), Seq('ACTTCAGGCTTTGTTAAAGGAATGATG'), Seq('ACTTCAGGCTTTGTTTATACGAGA'), Seq('AACAAAGCCTGAAGTTTCAATCACAAG'), Seq('ACTTCAGGCTTTGTTTGATGCCG'), Seq('ACTTCAGGCTTTGTTGCGCACAACAA'), Seq('AACAAAGCCTGAAGTAATCAAAGGCCAG'), Seq('ACTTCAGGCTTTGTTTGCAAATCAAC'), Seq('ACTTCAGGCTTTGTTTCAACAACGG'), Seq('AACAAAGCCTGAAGTAAGTTGGGAG'), Seq('ACTTCAGGCTTTGTTAATCCGAAAGGC'), Seq('AACAAAGCCTGAAGTTGAATGACAAT'), Seq('ACTTCAGGCTTTGTTTAAATGATGACG'), Seq('ACTTCAGGCTTTGTTCAAAGGGCCA')]","[Seq('TGTGTAACAAAGCCTGAAGTCCTATCTGAGTGAGT'), Seq('TTTCAAACAAAGCCTGAAGTCCTATCTGAGTGAGT'), Seq('GACTAAACAAAGCCTGAAGTCCTATCTGAGTGAGT'), Seq('ATCTAAACAAAGCCTGAAGTCCTATCTGAGTGAGT'), Seq('CTTGTAACAAAGCCTGAAGTCCTATCTGAGTGAGT'), Seq('CTACCAACAAAGCCTGAAGTCCTATCTGAGTGAGT'), Seq('TCCCAAACAAAGCCTGAAGTCCTATCTGAGTGAGT'), Seq('ACCTAAACAAAGCCTGAAGTCCTATCTGAGTGAGT'), Seq('CGCCTAACAAAGCCTGAAGTCCTATCTGAGTGAGT'), Seq('GGATCAACAAAGCCTGAAGTCCTATCTGAGTGAGT'), Seq('TTGATAACAAAGCCTGAAGTCCTATCTGAGTGAGT'), Seq('CCTTTAACAAAGCCTGAAGTCCTATCTGAGTGAGT'), Seq('GTATAAACAAAGCCTGAAGTCCTATCTGAGTGAGT'), Seq('TTGAAAACAAAGCCTGAAGTCCTATCTGAGTGAGT'), Seq('CATCAAACAAAGCCTGAAGTCCTATCTGAGTGAGT'), Seq('TGCGCAACAAAGCCTGAAGTCCTATCTGAGTGAGT'), Seq('TGATTAACAAAGCCTGAAGTCCTATCTGAGTGAGT'), Seq('TTGCAAACAAAGCCTGAAGTCCTATCTGAGTGAGT'), Seq('GTTGAAACAAAGCCTGAAGTCCTATCTGAGTGAGT'), Seq('AACTTAACAAAGCCTGAAGTCCTATCTGAGTGAGT'), Seq('GGATTAACAAAGCCTGAAGTCCTATCTGAGTGAGT'), Seq('ATTCAAACAAAGCCTGAAGTCCTATCTGAGTGAGT'), Seq('ATTTAAACAAAGCCTGAAGTCCTATCTGAGTGAGT'), Seq('CTTTGAACAAAGCCTGAAGTCCTATCTGAGTGAGT')]","[Seq('TGTGTACTTCAGGCTTTGTT'), Seq('TTTCAACTTCAGGCTTTGTT'), Seq('GACTAACTTCAGGCTTTGTT'), Seq('ATCTAACTTCAGGCTTTGTT'), Seq('CTTGTACTTCAGGCTTTGTT'), Seq('CTACCACTTCAGGCTTTGTT'), Seq('TCCCAACTTCAGGCTTTGTT'), Seq('ACCTAACTTCAGGCTTTGTT'), Seq('CGCCTACTTCAGGCTTTGTT'), Seq('GGATCACTTCAGGCTTTGTT'), Seq('TTGATACTTCAGGCTTTGTT'), Seq('CCTTTACTTCAGGCTTTGTT'), Seq('GTATAACTTCAGGCTTTGTT'), Seq('TTGAAACTTCAGGCTTTGTT'), Seq('CATCAACTTCAGGCTTTGTT'), Seq('TGCGCACTTCAGGCTTTGTT'), Seq('TGATTACTTCAGGCTTTGTT'), Seq('TTGCAACTTCAGGCTTTGTT'), Seq('GTTGAACTTCAGGCTTTGTT'), Seq('AACTTACTTCAGGCTTTGTT'), Seq('GGATTACTTCAGGCTTTGTT'), Seq('ATTCAACTTCAGGCTTTGTT'), Seq('ATTTAACTTCAGGCTTTGTT'), Seq('CTTTGACTTCAGGCTTTGTT')]"
3,TCAGTCACCTATCTGTTTCAAATTAATACGACTCACTATA,TATAGTGAGTCGTATTAATTTG,GCTACTCACTCAGATAGGTGACTGA,TCAGTCAAGCGAATTAATACGACTCACTATAGTCATCAGCTCTTATTTCACTCGCCT,AGGCGAGTGAAATAAGAGCTGATGACTATAGTGAGTCGTATTAATTCGCTTGGCTTGACTGTTCCTTA,"[Seq('GGAACAGTCAAGCCAACACAAGGAAGGG'), Seq('TGGCTTGACTGTTCCTGAAAGGC'), Seq('TGGCTTGACTGTTCCTAGTCAACCC'), Seq('TGGCTTGACTGTTCCTAGATAAGACGTG'), Seq('TGGCTTGACTGTTCCACAAGATGAC'), Seq('GGAACAGTCAAGCCAGGTAGCTGATAGAAGCG'), Seq('TGGCTTGACTGTTCCTGGGACCGAAG'), Seq('TGGCTTGACTGTTCCTAGGTTATGGAAA'), Seq('TGGCTTGACTGTTCCAGGCGGCTGA'), Seq('GGAACAGTCAAGCCAGATCCCGAATG'), Seq('TGGCTTGACTGTTCCATCAACGG'), Seq('TGGCTTGACTGTTCCAAAGGAATGATG'), Seq('TGGCTTGACTGTTCCTATACGAGA'), Seq('TGGCTTGACTGTTCCTTCAATCACAA'), Seq('TGGCTTGACTGTTCCTGATGCCG'), Seq('TGGCTTGACTGTTCCGCGCACAACAAA'), Seq('TGGCTTGACTGTTCCAATCAAAGGCC'), Seq('TGGCTTGACTGTTCCTGCAAATCAA'), Seq('TGGCTTGACTGTTCCTCAACAACGG'), Seq('TGGCTTGACTGTTCCAAGTTGGGA'), Seq('TGGCTTGACTGTTCCAATCCGAAAGG'), Seq('GGAACAGTCAAGCCATGAATGACAATATG'), Seq('GGAACAGTCAAGCCATAAATGATGACG'), Seq('TGGCTTGACTGTTCCCAAAGGGCCA')]","[Seq('TGTGTGGAACAGTCAAGCCACCTATCTGAGTGAGT'), Seq('TTTCAGGAACAGTCAAGCCACCTATCTGAGTGAGT'), Seq('GACTAGGAACAGTCAAGCCACCTATCTGAGTGAGT'), Seq('ATCTAGGAACAGTCAAGCCACCTATCTGAGTGAGT'), Seq('CTTGTGGAACAGTCAAGCCACCTATCTGAGTGAGT'), Seq('CTACCGGAACAGTCAAGCCACCTATCTGAGTGAGT'), Seq('TCCCAGGAACAGTCAAGCCACCTATCTGAGTGAGT'), Seq('ACCTAGGAACAGTCAAGCCACCTATCTGAGTGAGT'), Seq('CGCCTGGAACAGTCAAGCCACCTATCTGAGTGAGT'), Seq('GGATCGGAACAGTCAAGCCACCTATCTGAGTGAGT'), Seq('TTGATGGAACAGTCAAGCCACCTATCTGAGTGAGT'), Seq('CCTTTGGAACAGTCAAGCCACCTATCTGAGTGAGT'), Seq('GTATAGGAACAGTCAAGCCACCTATCTGAGTGAGT'), Seq('TTGAAGGAACAGTCAAGCCACCTATCTGAGTGAGT'), Seq('CATCAGGAACAGTCAAGCCACCTATCTGAGTGAGT'), Seq('TGCGCGGAACAGTCAAGCCACCTATCTGAGTGAGT'), Seq('TGATTGGAACAGTCAAGCCACCTATCTGAGTGAGT'), Seq('TTGCAGGAACAGTCAAGCCACCTATCTGAGTGAGT'), Seq('GTTGAGGAACAGTCAAGCCACCTATCTGAGTGAGT'), Seq('AACTTGGAACAGTCAAGCCACCTATCTGAGTGAGT'), Seq('GGATTGGAACAGTCAAGCCACCTATCTGAGTGAGT'), Seq('ATTCAGGAACAGTCAAGCCACCTATCTGAGTGAGT'), Seq('ATTTAGGAACAGTCAAGCCACCTATCTGAGTGAGT'), Seq('CTTTGGGAACAGTCAAGCCACCTATCTGAGTGAGT')]","[Seq('TGTGTTGGCTTGACTGTTCC'), Seq('TTTCATGGCTTGACTGTTCC'), Seq('GACTATGGCTTGACTGTTCC'), Seq('ATCTATGGCTTGACTGTTCC'), Seq('CTTGTTGGCTTGACTGTTCC'), Seq('CTACCTGGCTTGACTGTTCC'), Seq('TCCCATGGCTTGACTGTTCC'), Seq('ACCTATGGCTTGACTGTTCC'), Seq('CGCCTTGGCTTGACTGTTCC'), Seq('GGATCTGGCTTGACTGTTCC'), Seq('TTGATTGGCTTGACTGTTCC'), Seq('CCTTTTGGCTTGACTGTTCC'), Seq('GTATATGGCTTGACTGTTCC'), Seq('TTGAATGGCTTGACTGTTCC'), Seq('CATCATGGCTTGACTGTTCC'), Seq('TGCGCTGGCTTGACTGTTCC'), Seq('TGATTTGGCTTGACTGTTCC'), Seq('TTGCATGGCTTGACTGTTCC'), Seq('GTTGATGGCTTGACTGTTCC'), Seq('AACTTTGGCTTGACTGTTCC'), Seq('GGATTTGGCTTGACTGTTCC'), Seq('ATTCATGGCTTGACTGTTCC'), Seq('ATTTATGGCTTGACTGTTCC'), Seq('CTTTGTGGCTTGACTGTTCC')]"
4,TCAGTCACCTATCTGTTTCAAATTAATACGACTCACTATA,TATAGTGAGTCGTATTAATTTG,GCTACTCACTCAGATAGGTGACTGA,TCAGTCAACAGTCTTAATACGACTCACTATAGTCTGTGTGCCTTCTATTCATTGCTG,CAGCAATGAATAGAAGGCACACAGACTATAGTGAGTCGTATTAAGACTGTGTGCGCTAACTATTGCTA,"[Seq('GTGCGCTAACTATTGACACAAGGAA'), Seq('CAATAGTTAGCGCACTGAAAGGCA'), Seq('GTGCGCTAACTATTGTAGTCAACC'), Seq('GTGCGCTAACTATTGTAGATAAGACG'), Seq('GTGCGCTAACTATTGACAAGATGACA'), Seq('CAATAGTTAGCGCACGGTAGCTGATAGAAC'), Seq('GTGCGCTAACTATTGTGGGACCGAAG'), Seq('GTGCGCTAACTATTGTAGGTTATGGA'), Seq('CAATAGTTAGCGCACAGGCGGCTG'), Seq('GTGCGCTAACTATTGGATCCCGAATG'), Seq('CAATAGTTAGCGCACATCAACGG'), Seq('CAATAGTTAGCGCACAAAGGAATGATGC'), Seq('CAATAGTTAGCGCACTATACGAGACG'), Seq('GTGCGCTAACTATTGTTCAATCACAAG'), Seq('GTGCGCTAACTATTGTGATGCCG'), Seq('GTGCGCTAACTATTGGCGCACAACAAA'), Seq('GTGCGCTAACTATTGAATCAAAGGCC'), Seq('GTGCGCTAACTATTGTGCAAATCAAC'), Seq('CAATAGTTAGCGCACTCAACAACGGA'), Seq('CAATAGTTAGCGCACAAGTTGGGAG'), Seq('GTGCGCTAACTATTGAATCCGAAAGG'), Seq('CAATAGTTAGCGCACTGAATGACAAT'), Seq('GTGCGCTAACTATTGTAAATGATGA'), Seq('CAATAGTTAGCGCACCAAAGGGCCAGT')]","[Seq('TGTGTCAATAGTTAGCGCACCCTATCTGAGTGAGT'), Seq('TTTCACAATAGTTAGCGCACCCTATCTGAGTGAGT'), Seq('GACTACAATAGTTAGCGCACCCTATCTGAGTGAGT'), Seq('ATCTACAATAGTTAGCGCACCCTATCTGAGTGAGT'), Seq('CTTGTCAATAGTTAGCGCACCCTATCTGAGTGAGT'), Seq('CTACCCAATAGTTAGCGCACCCTATCTGAGTGAGT'), Seq('TCCCACAATAGTTAGCGCACCCTATCTGAGTGAGT'), Seq('ACCTACAATAGTTAGCGCACCCTATCTGAGTGAGT'), Seq('CGCCTCAATAGTTAGCGCACCCTATCTGAGTGAGT'), Seq('GGATCCAATAGTTAGCGCACCCTATCTGAGTGAGT'), Seq('TTGATCAATAGTTAGCGCACCCTATCTGAGTGAGT'), Seq('CCTTTCAATAGTTAGCGCACCCTATCTGAGTGAGT'), Seq('GTATACAATAGTTAGCGCACCCTATCTGAGTGAGT'), Seq('TTGAACAATAGTTAGCGCACCCTATCTGAGTGAGT'), Seq('CATCACAATAGTTAGCGCACCCTATCTGAGTGAGT'), Seq('TGCGCCAATAGTTAGCGCACCCTATCTGAGTGAGT'), Seq('TGATTCAATAGTTAGCGCACCCTATCTGAGTGAGT'), Seq('TTGCACAATAGTTAGCGCACCCTATCTGAGTGAGT'), Seq('GTTGACAATAGTTAGCGCACCCTATCTGAGTGAGT'), Seq('AACTTCAATAGTTAGCGCACCCTATCTGAGTGAGT'), Seq('GGATTCAATAGTTAGCGCACCCTATCTGAGTGAGT'), Seq('ATTCACAATAGTTAGCGCACCCTATCTGAGTGAGT'), Seq('ATTTACAATAGTTAGCGCACCCTATCTGAGTGAGT'), Seq('CTTTGCAATAGTTAGCGCACCCTATCTGAGTGAGT')]","[Seq('TGTGTGTGCGCTAACTATTG'), Seq('TTTCAGTGCGCTAACTATTG'), Seq('GACTAGTGCGCTAACTATTG'), Seq('ATCTAGTGCGCTAACTATTG'), Seq('CTTGTGTGCGCTAACTATTG'), Seq('CTACCGTGCGCTAACTATTG'), Seq('TCCCAGTGCGCTAACTATTG'), Seq('ACCTAGTGCGCTAACTATTG'), Seq('CGCCTGTGCGCTAACTATTG'), Seq('GGATCGTGCGCTAACTATTG'), Seq('TTGATGTGCGCTAACTATTG'), Seq('CCTTTGTGCGCTAACTATTG'), Seq('GTATAGTGCGCTAACTATTG'), Seq('TTGAAGTGCGCTAACTATTG'), Seq('CATCAGTGCGCTAACTATTG'), Seq('TGCGCGTGCGCTAACTATTG'), Seq('TGATTGTGCGCTAACTATTG'), Seq('TTGCAGTGCGCTAACTATTG'), Seq('GTTGAGTGCGCTAACTATTG'), Seq('AACTTGTGCGCTAACTATTG'), Seq('GGATTGTGCGCTAACTATTG'), Seq('ATTCAGTGCGCTAACTATTG'), Seq('ATTTAGTGCGCTAACTATTG'), Seq('CTTTGGTGCGCTAACTATTG')]"
5,TCAGTCACCTATCTGTTTCAAATTAATACGACTCACTATA,TATAGTGAGTCGTATTAATTTG,GCTACTCACTCAGATAGGTGACTGA,TCAGTCAAGTAATATAATACGACTCACTATAGATTGCTATTTGTTCCGGCCTCTATG,CATAGAGGCCGGAACAAATAGCAATCTATAGTGAGTCGTATTATATTACTCGCTTCTTGGCATCTTCG,"[Seq('AGATGCCAAGAAGCGACACAAGGAA'), Seq('CGCTTCTTGGCATCTTGAAAGGCA'), Seq('CGCTTCTTGGCATCTTAGTCAACCC'), Seq('AGATGCCAAGAAGCGTAGATAAGACGTG'), Seq('CGCTTCTTGGCATCTACAAGATGACAAA'), Seq('CGCTTCTTGGCATCTGGTAGCTGATAGAA'), Seq('CGCTTCTTGGCATCTTGGGACCGAAG'), Seq('CGCTTCTTGGCATCTTAGGTTATGGA'), Seq('AGATGCCAAGAAGCGAGGCGGCTGA'), Seq('CGCTTCTTGGCATCTGATCCCGAATGC'), Seq('AGATGCCAAGAAGCGATCAACGGAAC'), Seq('CGCTTCTTGGCATCTAAAGGAATGATG'), Seq('AGATGCCAAGAAGCGTATACGAGAC'), Seq('CGCTTCTTGGCATCTTTCAATCACAAG'), Seq('AGATGCCAAGAAGCGTGATGCCGA'), Seq('CGCTTCTTGGCATCTGCGCACAACAA'), Seq('AGATGCCAAGAAGCGAATCAAAGGCCAG'), Seq('AGATGCCAAGAAGCGTGCAAATCAACA'), Seq('CGCTTCTTGGCATCTTCAACAACG'), Seq('CGCTTCTTGGCATCTAAGTTGGGAG'), Seq('CGCTTCTTGGCATCTAATCCGAAAGGCC'), Seq('CGCTTCTTGGCATCTTGAATGACAAT'), Seq('CGCTTCTTGGCATCTTAAATGATGAC'), Seq('CGCTTCTTGGCATCTCAAAGGGCCAGTG')]","[Seq('TGTGTAGATGCCAAGAAGCGCCTATCTGAGTGAGT'), Seq('TTTCAAGATGCCAAGAAGCGCCTATCTGAGTGAGT'), Seq('GACTAAGATGCCAAGAAGCGCCTATCTGAGTGAGT'), Seq('ATCTAAGATGCCAAGAAGCGCCTATCTGAGTGAGT'), Seq('CTTGTAGATGCCAAGAAGCGCCTATCTGAGTGAGT'), Seq('CTACCAGATGCCAAGAAGCGCCTATCTGAGTGAGT'), Seq('TCCCAAGATGCCAAGAAGCGCCTATCTGAGTGAGT'), Seq('ACCTAAGATGCCAAGAAGCGCCTATCTGAGTGAGT'), Seq('CGCCTAGATGCCAAGAAGCGCCTATCTGAGTGAGT'), Seq('GGATCAGATGCCAAGAAGCGCCTATCTGAGTGAGT'), Seq('TTGATAGATGCCAAGAAGCGCCTATCTGAGTGAGT'), Seq('CCTTTAGATGCCAAGAAGCGCCTATCTGAGTGAGT'), Seq('GTATAAGATGCCAAGAAGCGCCTATCTGAGTGAGT'), Seq('TTGAAAGATGCCAAGAAGCGCCTATCTGAGTGAGT'), Seq('CATCAAGATGCCAAGAAGCGCCTATCTGAGTGAGT'), Seq('TGCGCAGATGCCAAGAAGCGCCTATCTGAGTGAGT'), Seq('TGATTAGATGCCAAGAAGCGCCTATCTGAGTGAGT'), Seq('TTGCAAGATGCCAAGAAGCGCCTATCTGAGTGAGT'), Seq('GTTGAAGATGCCAAGAAGCGCCTATCTGAGTGAGT'), Seq('AACTTAGATGCCAAGAAGCGCCTATCTGAGTGAGT'), Seq('GGATTAGATGCCAAGAAGCGCCTATCTGAGTGAGT'), Seq('ATTCAAGATGCCAAGAAGCGCCTATCTGAGTGAGT'), Seq('ATTTAAGATGCCAAGAAGCGCCTATCTGAGTGAGT'), Seq('CTTTGAGATGCCAAGAAGCGCCTATCTGAGTGAGT')]","[Seq('TGTGTCGCTTCTTGGCATCT'), Seq('TTTCACGCTTCTTGGCATCT'), Seq('GACTACGCTTCTTGGCATCT'), Seq('ATCTACGCTTCTTGGCATCT'), Seq('CTTGTCGCTTCTTGGCATCT'), Seq('CTACCCGCTTCTTGGCATCT'), Seq('TCCCACGCTTCTTGGCATCT'), Seq('ACCTACGCTTCTTGGCATCT'), Seq('CGCCTCGCTTCTTGGCATCT'), Seq('GGATCCGCTTCTTGGCATCT'), Seq('TTGATCGCTTCTTGGCATCT'), Seq('CCTTTCGCTTCTTGGCATCT'), Seq('GTATACGCTTCTTGGCATCT'), Seq('TTGAACGCTTCTTGGCATCT'), Seq('CATCACGCTTCTTGGCATCT'), Seq('TGCGCCGCTTCTTGGCATCT'), Seq('TGATTCGCTTCTTGGCATCT'), Seq('TTGCACGCTTCTTGGCATCT'), Seq('GTTGACGCTTCTTGGCATCT'), Seq('AACTTCGCTTCTTGGCATCT'), Seq('GGATTCGCTTCTTGGCATCT'), Seq('ATTCACGCTTCTTGGCATCT'), Seq('ATTTACGCTTCTTGGCATCT'), Seq('CTTTGCGCTTCTTGGCATCT')]"
6,TCAGTCACCTATCTGTTTCAAATTAATACGACTCACTATA,TATAGTGAGTCGTATTAATTTG,GCTACTCACTCAGATAGGTGACTGA,TCAGTCACGGAAGTTAATACGACTCACTATAGTCACCCTATCGTCTTATCGCATTGT,ACAATGCGATAAGACGATAGGGTGACTATAGTGAGTCGTATTAACTTCCGTATTTGTCCTTGGCGTAT,"[Seq('CGCCAAGGACAAATAACACAAGGAA'), Seq('CGCCAAGGACAAATATGAAAGGCA'), Seq('TATTTGTCCTTGGCGTAGTCAACCC'), Seq('CGCCAAGGACAAATATAGATAAGACG'), Seq('TATTTGTCCTTGGCGACAAGATGACA'), Seq('CGCCAAGGACAAATAGGTAGCTGATAGAAC'), Seq('TATTTGTCCTTGGCGTGGGACCGAAGC'), Seq('TATTTGTCCTTGGCGTAGGTTATGG'), Seq('CGCCAAGGACAAATAAGGCGGCTG'), Seq('TATTTGTCCTTGGCGGATCCCGAATG'), Seq('CGCCAAGGACAAATAATCAACGG'), Seq('TATTTGTCCTTGGCGAAAGGAATGATG'), Seq('TATTTGTCCTTGGCGTATACGAGA'), Seq('CGCCAAGGACAAATATTCAATCACAAG'), Seq('TATTTGTCCTTGGCGTGATGCCG'), Seq('CGCCAAGGACAAATAGCGCACAACAAA'), Seq('TATTTGTCCTTGGCGAATCAAAGGCCG'), Seq('TATTTGTCCTTGGCGTGCAAATCAACA'), Seq('TATTTGTCCTTGGCGTCAACAACGGA'), Seq('TATTTGTCCTTGGCGAAGTTGGGAGT'), Seq('CGCCAAGGACAAATAAATCCGAAAGGCC'), Seq('TATTTGTCCTTGGCGTGAATGACAAT'), Seq('TATTTGTCCTTGGCGTAAATGATGAC'), Seq('CGCCAAGGACAAATACAAAGGGCCAGT')]","[Seq('TGTGTCGCCAAGGACAAATACCTATCTGAGTGAGT'), Seq('TTTCACGCCAAGGACAAATACCTATCTGAGTGAGT'), Seq('GACTACGCCAAGGACAAATACCTATCTGAGTGAGT'), Seq('ATCTACGCCAAGGACAAATACCTATCTGAGTGAGT'), Seq('CTTGTCGCCAAGGACAAATACCTATCTGAGTGAGT'), Seq('CTACCCGCCAAGGACAAATACCTATCTGAGTGAGT'), Seq('TCCCACGCCAAGGACAAATACCTATCTGAGTGAGT'), Seq('ACCTACGCCAAGGACAAATACCTATCTGAGTGAGT'), Seq('CGCCTCGCCAAGGACAAATACCTATCTGAGTGAGT'), Seq('GGATCCGCCAAGGACAAATACCTATCTGAGTGAGT'), Seq('TTGATCGCCAAGGACAAATACCTATCTGAGTGAGT'), Seq('CCTTTCGCCAAGGACAAATACCTATCTGAGTGAGT'), Seq('GTATACGCCAAGGACAAATACCTATCTGAGTGAGT'), Seq('TTGAACGCCAAGGACAAATACCTATCTGAGTGAGT'), Seq('CATCACGCCAAGGACAAATACCTATCTGAGTGAGT'), Seq('TGCGCCGCCAAGGACAAATACCTATCTGAGTGAGT'), Seq('TGATTCGCCAAGGACAAATACCTATCTGAGTGAGT'), Seq('TTGCACGCCAAGGACAAATACCTATCTGAGTGAGT'), Seq('GTTGACGCCAAGGACAAATACCTATCTGAGTGAGT'), Seq('AACTTCGCCAAGGACAAATACCTATCTGAGTGAGT'), Seq('GGATTCGCCAAGGACAAATACCTATCTGAGTGAGT'), Seq('ATTCACGCCAAGGACAAATACCTATCTGAGTGAGT'), Seq('ATTTACGCCAAGGACAAATACCTATCTGAGTGAGT'), Seq('CTTTGCGCCAAGGACAAATACCTATCTGAGTGAGT')]","[Seq('TGTGTTATTTGTCCTTGGCG'), Seq('TTTCATATTTGTCCTTGGCG'), Seq('GACTATATTTGTCCTTGGCG'), Seq('ATCTATATTTGTCCTTGGCG'), Seq('CTTGTTATTTGTCCTTGGCG'), Seq('CTACCTATTTGTCCTTGGCG'), Seq('TCCCATATTTGTCCTTGGCG'), Seq('ACCTATATTTGTCCTTGGCG'), Seq('CGCCTTATTTGTCCTTGGCG'), Seq('GGATCTATTTGTCCTTGGCG'), Seq('TTGATTATTTGTCCTTGGCG'), Seq('CCTTTTATTTGTCCTTGGCG'), Seq('GTATATATTTGTCCTTGGCG'), Seq('TTGAATATTTGTCCTTGGCG'), Seq('CATCATATTTGTCCTTGGCG'), Seq('TGCGCTATTTGTCCTTGGCG'), Seq('TGATTTATTTGTCCTTGGCG'), Seq('TTGCATATTTGTCCTTGGCG'), Seq('GTTGATATTTGTCCTTGGCG'), Seq('AACTTTATTTGTCCTTGGCG'), Seq('GGATTTATTTGTCCTTGGCG'), Seq('ATTCATATTTGTCCTTGGCG'), Seq('ATTTATATTTGTCCTTGGCG'), Seq('CTTTGTATTTGTCCTTGGCG')]"
7,TCAGTCACCTATCTGTTTCAAATTAATACGACTCACTATA,TATAGTGAGTCGTATTAATTTG,GCTACTCACTCAGATAGGTGACTGA,TCAGTCATGCAAGATAATACGACTCACTATAGAGCATCGCATAACTAATTCCCACCT,AGGTGGGAATTAGTTATGCGATGCTCTATAGTGAGTCGTATTATCTTGCATTCATTTCCTTGGCCTCA,"[Seq('TTCATTTCCTTGGCCACACAAGGAA'), Seq('GGCCAAGGAAATGAATGAAAGGCAC'), Seq('TTCATTTCCTTGGCCTAGTCAACCC'), Seq('TTCATTTCCTTGGCCTAGATAAGACG'), Seq('TTCATTTCCTTGGCCACAAGATGACA'), Seq('GGCCAAGGAAATGAAGGTAGCTGATAGAAGCG'), Seq('GGCCAAGGAAATGAATGGGACCGAAGC'), Seq('TTCATTTCCTTGGCCTAGGTTATGGA'), Seq('TTCATTTCCTTGGCCAGGCGGCT'), Seq('TTCATTTCCTTGGCCGATCCCGAAT'), Seq('TTCATTTCCTTGGCCATCAACGG'), Seq('GGCCAAGGAAATGAAAAAGGAATGATGC'), Seq('TTCATTTCCTTGGCCTATACGAGAC'), Seq('GGCCAAGGAAATGAATTCAATCACAAG'), Seq('GGCCAAGGAAATGAATGATGCCGA'), Seq('TTCATTTCCTTGGCCGCGCACAACAAA'), Seq('TTCATTTCCTTGGCCAATCAAAGGCCAG'), Seq('GGCCAAGGAAATGAATGCAAATCAAC'), Seq('GGCCAAGGAAATGAATCAACAACGGA'), Seq('TTCATTTCCTTGGCCAAGTTGGGAG'), Seq('GGCCAAGGAAATGAAAATCCGAAAGGCC'), Seq('GGCCAAGGAAATGAATGAATGACAATATG'), Seq('GGCCAAGGAAATGAATAAATGATGACG'), Seq('TTCATTTCCTTGGCCCAAAGGGCCA')]","[Seq('TGTGTGGCCAAGGAAATGAACCTATCTGAGTGAGT'), Seq('TTTCAGGCCAAGGAAATGAACCTATCTGAGTGAGT'), Seq('GACTAGGCCAAGGAAATGAACCTATCTGAGTGAGT'), Seq('ATCTAGGCCAAGGAAATGAACCTATCTGAGTGAGT'), Seq('CTTGTGGCCAAGGAAATGAACCTATCTGAGTGAGT'), Seq('CTACCGGCCAAGGAAATGAACCTATCTGAGTGAGT'), Seq('TCCCAGGCCAAGGAAATGAACCTATCTGAGTGAGT'), Seq('ACCTAGGCCAAGGAAATGAACCTATCTGAGTGAGT'), Seq('CGCCTGGCCAAGGAAATGAACCTATCTGAGTGAGT'), Seq('GGATCGGCCAAGGAAATGAACCTATCTGAGTGAGT'), Seq('TTGATGGCCAAGGAAATGAACCTATCTGAGTGAGT'), Seq('CCTTTGGCCAAGGAAATGAACCTATCTGAGTGAGT'), Seq('GTATAGGCCAAGGAAATGAACCTATCTGAGTGAGT'), Seq('TTGAAGGCCAAGGAAATGAACCTATCTGAGTGAGT'), Seq('CATCAGGCCAAGGAAATGAACCTATCTGAGTGAGT'), Seq('TGCGCGGCCAAGGAAATGAACCTATCTGAGTGAGT'), Seq('TGATTGGCCAAGGAAATGAACCTATCTGAGTGAGT'), Seq('TTGCAGGCCAAGGAAATGAACCTATCTGAGTGAGT'), Seq('GTTGAGGCCAAGGAAATGAACCTATCTGAGTGAGT'), Seq('AACTTGGCCAAGGAAATGAACCTATCTGAGTGAGT'), Seq('GGATTGGCCAAGGAAATGAACCTATCTGAGTGAGT'), Seq('ATTCAGGCCAAGGAAATGAACCTATCTGAGTGAGT'), Seq('ATTTAGGCCAAGGAAATGAACCTATCTGAGTGAGT'), Seq('CTTTGGGCCAAGGAAATGAACCTATCTGAGTGAGT')]","[Seq('TGTGTTTCATTTCCTTGGCC'), Seq('TTTCATTCATTTCCTTGGCC'), Seq('GACTATTCATTTCCTTGGCC'), Seq('ATCTATTCATTTCCTTGGCC'), Seq('CTTGTTTCATTTCCTTGGCC'), Seq('CTACCTTCATTTCCTTGGCC'), Seq('TCCCATTCATTTCCTTGGCC'), Seq('ACCTATTCATTTCCTTGGCC'), Seq('CGCCTTTCATTTCCTTGGCC'), Seq('GGATCTTCATTTCCTTGGCC'), Seq('TTGATTTCATTTCCTTGGCC'), Seq('CCTTTTTCATTTCCTTGGCC'), Seq('GTATATTCATTTCCTTGGCC'), Seq('TTGAATTCATTTCCTTGGCC'), Seq('CATCATTCATTTCCTTGGCC'), Seq('TGCGCTTCATTTCCTTGGCC'), Seq('TGATTTTCATTTCCTTGGCC'), Seq('TTGCATTCATTTCCTTGGCC'), Seq('GTTGATTCATTTCCTTGGCC'), Seq('AACTTTTCATTTCCTTGGCC'), Seq('GGATTTTCATTTCCTTGGCC'), Seq('ATTCATTCATTTCCTTGGCC'), Seq('ATTTATTCATTTCCTTGGCC'), Seq('CTTTGTTCATTTCCTTGGCC')]"
8,TCAGTCACCTATCTGTTTCAAATTAATACGACTCACTATA,TATAGTGAGTCGTATTAATTTG,GCTACTCACTCAGATAGGTGACTGA,TCAGTCAACAAGCTTAATACGACTCACTATAGGTCATTTATCTTCGCAACTCGTCAC,GTGACGAGTTGCGAAGATAAATGACCTATAGTGAGTCGTATTAAGCTTGTTCTTGTCACCGCATTTCA,"[Seq('TCTTGTCACCGCATTACACAAGGA'), Seq('AATGCGGTGACAAGATGAAAGGCA'), Seq('AATGCGGTGACAAGATAGTCAACCC'), Seq('AATGCGGTGACAAGATAGATAAGACGTG'), Seq('TCTTGTCACCGCATTACAAGATGACA'), Seq('AATGCGGTGACAAGAGGTAGCTGATAGAAGCG'), Seq('AATGCGGTGACAAGATGGGACCGAAG'), Seq('TCTTGTCACCGCATTTAGGTTATGGA'), Seq('AATGCGGTGACAAGAAGGCGGCTGA'), Seq('TCTTGTCACCGCATTGATCCCGAATG'), Seq('TCTTGTCACCGCATTATCAACGG'), Seq('AATGCGGTGACAAGAAAAGGAATGATGCAC'), Seq('AATGCGGTGACAAGATATACGAGAC'), Seq('AATGCGGTGACAAGATTCAATCACAAG'), Seq('AATGCGGTGACAAGATGATGCCGAAT'), Seq('TCTTGTCACCGCATTGCGCACAACAA'), Seq('AATGCGGTGACAAGAAATCAAAGGCCG'), Seq('AATGCGGTGACAAGATGCAAATCAACA'), Seq('TCTTGTCACCGCATTTCAACAACGG'), Seq('TCTTGTCACCGCATTAAGTTGGGA'), Seq('AATGCGGTGACAAGAAATCCGAAAGGC'), Seq('AATGCGGTGACAAGATGAATGACAATATG'), Seq('TCTTGTCACCGCATTTAAATGATGAC'), Seq('TCTTGTCACCGCATTCAAAGGGCCA')]","[Seq('TGTGTAATGCGGTGACAAGACCTATCTGAGTGAGT'), Seq('TTTCAAATGCGGTGACAAGACCTATCTGAGTGAGT'), Seq('GACTAAATGCGGTGACAAGACCTATCTGAGTGAGT'), Seq('ATCTAAATGCGGTGACAAGACCTATCTGAGTGAGT'), Seq('CTTGTAATGCGGTGACAAGACCTATCTGAGTGAGT'), Seq('CTACCAATGCGGTGACAAGACCTATCTGAGTGAGT'), Seq('TCCCAAATGCGGTGACAAGACCTATCTGAGTGAGT'), Seq('ACCTAAATGCGGTGACAAGACCTATCTGAGTGAGT'), Seq('CGCCTAATGCGGTGACAAGACCTATCTGAGTGAGT'), Seq('GGATCAATGCGGTGACAAGACCTATCTGAGTGAGT'), Seq('TTGATAATGCGGTGACAAGACCTATCTGAGTGAGT'), Seq('CCTTTAATGCGGTGACAAGACCTATCTGAGTGAGT'), Seq('GTATAAATGCGGTGACAAGACCTATCTGAGTGAGT'), Seq('TTGAAAATGCGGTGACAAGACCTATCTGAGTGAGT'), Seq('CATCAAATGCGGTGACAAGACCTATCTGAGTGAGT'), Seq('TGCGCAATGCGGTGACAAGACCTATCTGAGTGAGT'), Seq('TGATTAATGCGGTGACAAGACCTATCTGAGTGAGT'), Seq('TTGCAAATGCGGTGACAAGACCTATCTGAGTGAGT'), Seq('GTTGAAATGCGGTGACAAGACCTATCTGAGTGAGT'), Seq('AACTTAATGCGGTGACAAGACCTATCTGAGTGAGT'), Seq('GGATTAATGCGGTGACAAGACCTATCTGAGTGAGT'), Seq('ATTCAAATGCGGTGACAAGACCTATCTGAGTGAGT'), Seq('ATTTAAATGCGGTGACAAGACCTATCTGAGTGAGT'), Seq('CTTTGAATGCGGTGACAAGACCTATCTGAGTGAGT')]","[Seq('TGTGTTCTTGTCACCGCATT'), Seq('TTTCATCTTGTCACCGCATT'), Seq('GACTATCTTGTCACCGCATT'), Seq('ATCTATCTTGTCACCGCATT'), Seq('CTTGTTCTTGTCACCGCATT'), Seq('CTACCTCTTGTCACCGCATT'), Seq('TCCCATCTTGTCACCGCATT'), Seq('ACCTATCTTGTCACCGCATT'), Seq('CGCCTTCTTGTCACCGCATT'), Seq('GGATCTCTTGTCACCGCATT'), Seq('TTGATTCTTGTCACCGCATT'), Seq('CCTTTTCTTGTCACCGCATT'), Seq('GTATATCTTGTCACCGCATT'), Seq('TTGAATCTTGTCACCGCATT'), Seq('CATCATCTTGTCACCGCATT'), Seq('TGCGCTCTTGTCACCGCATT'), Seq('TGATTTCTTGTCACCGCATT'), Seq('TTGCATCTTGTCACCGCATT'), Seq('GTTGATCTTGTCACCGCATT'), Seq('AACTTTCTTGTCACCGCATT'), Seq('GGATTTCTTGTCACCGCATT'), Seq('ATTCATCTTGTCACCGCATT'), Seq('ATTTATCTTGTCACCGCATT'), Seq('CTTTGTCTTGTCACCGCATT')]"
9,TCAGTCACCTATCTGTTTCAAATTAATACGACTCACTATA,TATAGTGAGTCGTATTAATTTG,GCTACTCACTCAGATAGGTGACTGA,TCAGTCAATGCACGTAATACGACTCACTATAGTGTTCCTATCTATCGCCGTGTGTTT,AAACACACGGCGATAGATAGGAACACTATAGTGAGTCGTATTACGTGCATCCTCCATTCATTTACTGT,"[Seq('CCTCCATTCATTTACACACAAGGA'), Seq('GTAAATGAATGGAGGTGAAAGGCA'), Seq('CCTCCATTCATTTACTAGTCAACC'), Seq('CCTCCATTCATTTACTAGATAAGACG'), Seq('CCTCCATTCATTTACACAAGATGAC'), Seq('CCTCCATTCATTTACGGTAGCTGATAGAAGCG'), Seq('GTAAATGAATGGAGGTGGGACCGAAG'), Seq('GTAAATGAATGGAGGTAGGTTATGGAAA'), Seq('CCTCCATTCATTTACAGGCGGCT'), Seq('CCTCCATTCATTTACGATCCCGAAT'), Seq('CCTCCATTCATTTACATCAACG'), Seq('CCTCCATTCATTTACAAAGGAATGATGCACA'), Seq('CCTCCATTCATTTACTATACGAGACG'), Seq('GTAAATGAATGGAGGTTCAATCACAAG'), Seq('GTAAATGAATGGAGGTGATGCCGA'), Seq('CCTCCATTCATTTACGCGCACAACAAA'), Seq('GTAAATGAATGGAGGAATCAAAGGCCAG'), Seq('CCTCCATTCATTTACTGCAAATCAACA'), Seq('GTAAATGAATGGAGGTCAACAACGG'), Seq('CCTCCATTCATTTACAAGTTGGGAG'), Seq('CCTCCATTCATTTACAATCCGAAAGGC'), Seq('CCTCCATTCATTTACTGAATGACAATATG'), Seq('CCTCCATTCATTTACTAAATGATGAC'), Seq('GTAAATGAATGGAGGCAAAGGGCCAG')]","[Seq('TGTGTGTAAATGAATGGAGGCCTATCTGAGTGAGT'), Seq('TTTCAGTAAATGAATGGAGGCCTATCTGAGTGAGT'), Seq('GACTAGTAAATGAATGGAGGCCTATCTGAGTGAGT'), Seq('ATCTAGTAAATGAATGGAGGCCTATCTGAGTGAGT'), Seq('CTTGTGTAAATGAATGGAGGCCTATCTGAGTGAGT'), Seq('CTACCGTAAATGAATGGAGGCCTATCTGAGTGAGT'), Seq('TCCCAGTAAATGAATGGAGGCCTATCTGAGTGAGT'), Seq('ACCTAGTAAATGAATGGAGGCCTATCTGAGTGAGT'), Seq('CGCCTGTAAATGAATGGAGGCCTATCTGAGTGAGT'), Seq('GGATCGTAAATGAATGGAGGCCTATCTGAGTGAGT'), Seq('TTGATGTAAATGAATGGAGGCCTATCTGAGTGAGT'), Seq('CCTTTGTAAATGAATGGAGGCCTATCTGAGTGAGT'), Seq('GTATAGTAAATGAATGGAGGCCTATCTGAGTGAGT'), Seq('TTGAAGTAAATGAATGGAGGCCTATCTGAGTGAGT'), Seq('CATCAGTAAATGAATGGAGGCCTATCTGAGTGAGT'), Seq('TGCGCGTAAATGAATGGAGGCCTATCTGAGTGAGT'), Seq('TGATTGTAAATGAATGGAGGCCTATCTGAGTGAGT'), Seq('TTGCAGTAAATGAATGGAGGCCTATCTGAGTGAGT'), Seq('GTTGAGTAAATGAATGGAGGCCTATCTGAGTGAGT'), Seq('AACTTGTAAATGAATGGAGGCCTATCTGAGTGAGT'), Seq('GGATTGTAAATGAATGGAGGCCTATCTGAGTGAGT'), Seq('ATTCAGTAAATGAATGGAGGCCTATCTGAGTGAGT'), Seq('ATTTAGTAAATGAATGGAGGCCTATCTGAGTGAGT'), Seq('CTTTGGTAAATGAATGGAGGCCTATCTGAGTGAGT')]","[Seq('TGTGTCCTCCATTCATTTAC'), Seq('TTTCACCTCCATTCATTTAC'), Seq('GACTACCTCCATTCATTTAC'), Seq('ATCTACCTCCATTCATTTAC'), Seq('CTTGTCCTCCATTCATTTAC'), Seq('CTACCCCTCCATTCATTTAC'), Seq('TCCCACCTCCATTCATTTAC'), Seq('ACCTACCTCCATTCATTTAC'), Seq('CGCCTCCTCCATTCATTTAC'), Seq('GGATCCCTCCATTCATTTAC'), Seq('TTGATCCTCCATTCATTTAC'), Seq('CCTTTCCTCCATTCATTTAC'), Seq('GTATACCTCCATTCATTTAC'), Seq('TTGAACCTCCATTCATTTAC'), Seq('CATCACCTCCATTCATTTAC'), Seq('TGCGCCCTCCATTCATTTAC'), Seq('TGATTCCTCCATTCATTTAC'), Seq('TTGCACCTCCATTCATTTAC'), Seq('GTTGACCTCCATTCATTTAC'), Seq('AACTTCCTCCATTCATTTAC'), Seq('GGATTCCTCCATTCATTTAC'), Seq('ATTCACCTCCATTCATTTAC'), Seq('ATTTACCTCCATTCATTTAC'), Seq('CTTTGCCTCCATTCATTTAC')]"
10,TCAGTCACCTATCTGTTTCAAATTAATACGACTCACTATA,TATAGTGAGTCGTATTAATTTG,GCTACTCACTCAGATAGGTGACTGA,TCAGTCAGCGATGTTAATACGACTCACTATAGATTGCCTACGTCACCATCTTCATTG,CAATGAAGATGGTGACGTAGGCAATCTATAGTGAGTCGTATTAACATCGCTAACTCGCTACATTTGCT,"[Seq('TAACTCGCTACATTTACACAAGGAA'), Seq('AAATGTAGCGAGTTATGAAAGGCACAC'), Seq('TAACTCGCTACATTTTAGTCAACCC'), Seq('AAATGTAGCGAGTTATAGATAAGACG'), Seq('TAACTCGCTACATTTACAAGATGAC'), Seq('AAATGTAGCGAGTTAGGTAGCTGATAGAAGCG'), Seq('AAATGTAGCGAGTTATGGGACCGAAG'), Seq('TAACTCGCTACATTTTAGGTTATGG'), Seq('TAACTCGCTACATTTAGGCGGCTG'), Seq('TAACTCGCTACATTTGATCCCGAAT'), Seq('TAACTCGCTACATTTATCAACG'), Seq('AAATGTAGCGAGTTAAAAGGAATGATGC'), Seq('TAACTCGCTACATTTTATACGAGACG'), Seq('TAACTCGCTACATTTTTCAATCACAA'), Seq('AAATGTAGCGAGTTATGATGCCGA'), Seq('AAATGTAGCGAGTTAGCGCACAACAAAT'), Seq('TAACTCGCTACATTTAATCAAAGGCCAG'), Seq('TAACTCGCTACATTTTGCAAATCAA'), Seq('TAACTCGCTACATTTTCAACAACGG'), Seq('AAATGTAGCGAGTTAAAGTTGGGAG'), Seq('TAACTCGCTACATTTAATCCGAAAGGC'), Seq('AAATGTAGCGAGTTATGAATGACAAT'), Seq('TAACTCGCTACATTTTAAATGATGA'), Seq('TAACTCGCTACATTTCAAAGGGCCA')]","[Seq('TGTGTAAATGTAGCGAGTTACCTATCTGAGTGAGT'), Seq('TTTCAAAATGTAGCGAGTTACCTATCTGAGTGAGT'), Seq('GACTAAAATGTAGCGAGTTACCTATCTGAGTGAGT'), Seq('ATCTAAAATGTAGCGAGTTACCTATCTGAGTGAGT'), Seq('CTTGTAAATGTAGCGAGTTACCTATCTGAGTGAGT'), Seq('CTACCAAATGTAGCGAGTTACCTATCTGAGTGAGT'), Seq('TCCCAAAATGTAGCGAGTTACCTATCTGAGTGAGT'), Seq('ACCTAAAATGTAGCGAGTTACCTATCTGAGTGAGT'), Seq('CGCCTAAATGTAGCGAGTTACCTATCTGAGTGAGT'), Seq('GGATCAAATGTAGCGAGTTACCTATCTGAGTGAGT'), Seq('TTGATAAATGTAGCGAGTTACCTATCTGAGTGAGT'), Seq('CCTTTAAATGTAGCGAGTTACCTATCTGAGTGAGT'), Seq('GTATAAAATGTAGCGAGTTACCTATCTGAGTGAGT'), Seq('TTGAAAAATGTAGCGAGTTACCTATCTGAGTGAGT'), Seq('CATCAAAATGTAGCGAGTTACCTATCTGAGTGAGT'), Seq('TGCGCAAATGTAGCGAGTTACCTATCTGAGTGAGT'), Seq('TGATTAAATGTAGCGAGTTACCTATCTGAGTGAGT'), Seq('TTGCAAAATGTAGCGAGTTACCTATCTGAGTGAGT'), Seq('GTTGAAAATGTAGCGAGTTACCTATCTGAGTGAGT'), Seq('AACTTAAATGTAGCGAGTTACCTATCTGAGTGAGT'), Seq('GGATTAAATGTAGCGAGTTACCTATCTGAGTGAGT'), Seq('ATTCAAAATGTAGCGAGTTACCTATCTGAGTGAGT'), Seq('ATTTAAAATGTAGCGAGTTACCTATCTGAGTGAGT'), Seq('CTTTGAAATGTAGCGAGTTACCTATCTGAGTGAGT')]","[Seq('TGTGTTAACTCGCTACATTT'), Seq('TTTCATAACTCGCTACATTT'), Seq('GACTATAACTCGCTACATTT'), Seq('ATCTATAACTCGCTACATTT'), Seq('CTTGTTAACTCGCTACATTT'), Seq('CTACCTAACTCGCTACATTT'), Seq('TCCCATAACTCGCTACATTT'), Seq('ACCTATAACTCGCTACATTT'), Seq('CGCCTTAACTCGCTACATTT'), Seq('GGATCTAACTCGCTACATTT'), Seq('TTGATTAACTCGCTACATTT'), Seq('CCTTTTAACTCGCTACATTT'), Seq('GTATATAACTCGCTACATTT'), Seq('TTGAATAACTCGCTACATTT'), Seq('CATCATAACTCGCTACATTT'), Seq('TGCGCTAACTCGCTACATTT'), Seq('TGATTTAACTCGCTACATTT'), Seq('TTGCATAACTCGCTACATTT'), Seq('GTTGATAACTCGCTACATTT'), Seq('AACTTTAACTCGCTACATTT'), Seq('GGATTTAACTCGCTACATTT'), Seq('ATTCATAACTCGCTACATTT'), Seq('ATTTATAACTCGCTACATTT'), Seq('CTTTGTAACTCGCTACATTT')]"
11,TCAGTCACCTATCTGTTTCAAATTAATACGACTCACTATA,TATAGTGAGTCGTATTAATTTG,GCTACTCACTCAGATAGGTGACTGA,TCAGTCAGGAATGTTAATACGACTCACTATAGTGTCGGATTTGTGCATTGTGTTTGA,TCAAACACAATGCACAAATCCGACACTATAGTGAGTCGTATTAACATTCCGCATTCATCGCTAACTTT,"[Seq('GCATTCATCGCTAACACACAAGGA'), Seq('GTTAGCGATGAATGCTGAAAGGCA'), Seq('GCATTCATCGCTAACTAGTCAACCC'), Seq('GTTAGCGATGAATGCTAGATAAGACG'), Seq('GCATTCATCGCTAACACAAGATGACA'), Seq('GCATTCATCGCTAACGGTAGCTGATAGAAGCG'), Seq('GTTAGCGATGAATGCTGGGACCGAAG'), Seq('GTTAGCGATGAATGCTAGGTTATGGA'), Seq('GCATTCATCGCTAACAGGCGGCT'), Seq('GCATTCATCGCTAACGATCCCGAAT'), Seq('GCATTCATCGCTAACATCAACGG'), Seq('GCATTCATCGCTAACAAAGGAATGATGC'), Seq('GCATTCATCGCTAACTATACGAGAC'), Seq('GCATTCATCGCTAACTTCAATCACAAGC'), Seq('GTTAGCGATGAATGCTGATGCCGAAT'), Seq('GCATTCATCGCTAACGCGCACAACAAA'), Seq('GCATTCATCGCTAACAATCAAAGGCCAG'), Seq('GCATTCATCGCTAACTGCAAATCAAC'), Seq('GTTAGCGATGAATGCTCAACAACGG'), Seq('GCATTCATCGCTAACAAGTTGGGAGT'), Seq('GTTAGCGATGAATGCAATCCGAAAGGC'), Seq('GCATTCATCGCTAACTGAATGACAA'), Seq('GCATTCATCGCTAACTAAATGATGACG'), Seq('GCATTCATCGCTAACCAAAGGGCCAG')]","[Seq('TGTGTGTTAGCGATGAATGCCCTATCTGAGTGAGT'), Seq('TTTCAGTTAGCGATGAATGCCCTATCTGAGTGAGT'), Seq('GACTAGTTAGCGATGAATGCCCTATCTGAGTGAGT'), Seq('ATCTAGTTAGCGATGAATGCCCTATCTGAGTGAGT'), Seq('CTTGTGTTAGCGATGAATGCCCTATCTGAGTGAGT'), Seq('CTACCGTTAGCGATGAATGCCCTATCTGAGTGAGT'), Seq('TCCCAGTTAGCGATGAATGCCCTATCTGAGTGAGT'), Seq('ACCTAGTTAGCGATGAATGCCCTATCTGAGTGAGT'), Seq('CGCCTGTTAGCGATGAATGCCCTATCTGAGTGAGT'), Seq('GGATCGTTAGCGATGAATGCCCTATCTGAGTGAGT'), Seq('TTGATGTTAGCGATGAATGCCCTATCTGAGTGAGT'), Seq('CCTTTGTTAGCGATGAATGCCCTATCTGAGTGAGT'), Seq('GTATAGTTAGCGATGAATGCCCTATCTGAGTGAGT'), Seq('TTGAAGTTAGCGATGAATGCCCTATCTGAGTGAGT'), Seq('CATCAGTTAGCGATGAATGCCCTATCTGAGTGAGT'), Seq('TGCGCGTTAGCGATGAATGCCCTATCTGAGTGAGT'), Seq('TGATTGTTAGCGATGAATGCCCTATCTGAGTGAGT'), Seq('TTGCAGTTAGCGATGAATGCCCTATCTGAGTGAGT'), Seq('GTTGAGTTAGCGATGAATGCCCTATCTGAGTGAGT'), Seq('AACTTGTTAGCGATGAATGCCCTATCTGAGTGAGT'), Seq('GGATTGTTAGCGATGAATGCCCTATCTGAGTGAGT'), Seq('ATTCAGTTAGCGATGAATGCCCTATCTGAGTGAGT'), Seq('ATTTAGTTAGCGATGAATGCCCTATCTGAGTGAGT'), Seq('CTTTGGTTAGCGATGAATGCCCTATCTGAGTGAGT')]","[Seq('TGTGTGCATTCATCGCTAAC'), Seq('TTTCAGCATTCATCGCTAAC'), Seq('GACTAGCATTCATCGCTAAC'), Seq('ATCTAGCATTCATCGCTAAC'), Seq('CTTGTGCATTCATCGCTAAC'), Seq('CTACCGCATTCATCGCTAAC'), Seq('TCCCAGCATTCATCGCTAAC'), Seq('ACCTAGCATTCATCGCTAAC'), Seq('CGCCTGCATTCATCGCTAAC'), Seq('GGATCGCATTCATCGCTAAC'), Seq('TTGATGCATTCATCGCTAAC'), Seq('CCTTTGCATTCATCGCTAAC'), Seq('GTATAGCATTCATCGCTAAC'), Seq('TTGAAGCATTCATCGCTAAC'), Seq('CATCAGCATTCATCGCTAAC'), Seq('TGCGCGCATTCATCGCTAAC'), Seq('TGATTGCATTCATCGCTAAC'), Seq('TTGCAGCATTCATCGCTAAC'), Seq('GTTGAGCATTCATCGCTAAC'), Seq('AACTTGCATTCATCGCTAAC'), Seq('GGATTGCATTCATCGCTAAC'), Seq('ATTCAGCATTCATCGCTAAC'), Seq('ATTTAGCATTCATCGCTAAC'), Seq('CTTTGGCATTCATCGCTAAC')]"
